algoritmo,iteracion,tiempo_ms,ancho_original,alto_original,lenguaje
pd,1,0.8005879990378162,10,10,python
fb,1,96.05606700097269,10,10,python
bt,1,1.8115610000677407,10,10,python
pd,1,0.032774,10,10,cpp
fb,1,2.25884,10,10,cpp
bt,1,0.129469,10,10,cpp
