algoritmo,iteracion,tiempo_ms,ancho_original,alto_original,lenguaje
pd,1,1.3093540001136716,14,14,python
pd,1,649.3453559996851,256,256,python
pd,1,3255.838135999511,500,500,python
pd,1,7568.916952000109,700,700,python
pd,1,13843.013626000356,900,900,python
pd,1,20.9328,256,256,cpp
pd,1,0.06562,14,14,cpp
pd,1,62.9001,500,500,cpp
pd,1,116.661,700,700,cpp
pd,1,201.859,900,900,cpp
